Year;World;Europe;European Union;Austria;Belgium;Belgium / Luxembourg;Bulgaria;Croatia;Cyprus;Czechia;Denmark;Estonia;Finland;France;Germany;Greece;Hungary;Ireland;Italy;Latvia;Lithuania;Luxembourg;Malta;Netherlands;Poland;Portugal;Romania;Slovakia;Slovenia;Spain;Sweden;Albania;Belarus;Bosnia and Herzegovina;Iceland;Moldova, Republic of;Montenegro;North Macedonia;Norway;Russian Federation;Serbia;Serbia and Montenegro;Switzerland;Ukraine;United Kingdom;Yugoslavia (former);Canada;United States;Australia;Bermuda;Israel;Japan;Korea, Republic of;New Zealand;Algeria;Egypt;Libya;Morocco;South Sudan;Sudan;Tunisia;Burundi;Cameroon;Central African Republic;Chad;Congo;Congo, Democratic Republic of;Equatorial Guinea;Gabon;Rwanda;São Tomé and Principe;Comoros;Djibouti;Eritrea;Ethiopia;Kenya;Madagascar;Mauritius;Mayotte;Reunion;Seychelles;Somalia;Uganda;United Republic of Tanzania;Angola;Botswana;Eswatini;Lesotho;Malawi;Mozambique;Namibia;South Africa;Zambia;Zimbabwe;Benin;Burkina Faso;Cabo Verde;Côte d'Ivoire;Gambia;Ghana;Guinea;Guinea-Bissau;Liberia;Mali;Mauritania;Niger;Nigeria;Saint Helena;Senegal;Sierra Leone;Togo;China;Hong Kong, China;Korea, Democratic People's Republic of;Macao, China;Mongolia;Taiwan Province of China;Brunei Darussalam;Cambodia;Indonesia;Lao People's Democratic Republic;Malaysia;Myanmar;Philippines;Singapore;Thailand;Timor-Leste;Viet Nam;Afghanistan;Bangladesh;Bhutan;India;Iran, Islamic Republic of;Maldives;Nepal;Pakistan;Sri Lanka;Armenia;Azerbaijan;Bahrain;Georgia;Iraq;Jordan;Kuwait;Lebanon;Oman;Qatar;Saudi Arabia;State of Palestine;Syrian Arab Republic;Türkiye;United Arab Emirates;Yemen;Kazakhstan;Kyrgyzstan;Tajikistan;Turkmenistan;Uzbekistan;Argentina;Bolivia, Plurinational State of;Brazil;Chile;Colombia;Ecuador;French Guiana;Guyana;Paraguay;Peru;Suriname;Uruguay;Venezuela, Bolivarian Republic of;Belize;Costa Rica;El Salvador;Guatemala;Honduras;Mexico;Nicaragua;Panama;Anguilla;Antigua and Barbuda;Aruba;Bahamas;Barbados;British Virgin Islands;Cayman Islands;Curaçao;Dominica;Dominican Republic;Grenada;Guadeloupe;Haiti;Jamaica;Martinique;Montserrat;Netherlands Antilles;Saint Kitts and Nevis;Saint Lucia;Saint Vincent and the Grenadines;Sint Maarten;Trinidad and Tobago;Turks and Caicos Islands;Cook Islands;Fiji;French Polynesia;Kiribati;Marshall Islands;Micronesia, Federated States of;New Caledonia;Palau;Papua New Guinea;Samoa;Solomon Islands;Tonga;Tuvalu;Vanuatu
1990;204887,7031;102697,2824;65099,39227;653;0;8046,73;4;0;126,62;72;1132,15;0;644,6694172;16506,19332;2962,363761;1005;553,8089999;621,9109999;6344,876;0;0;0;45,7939999;11063,315;88;2363,322636;0,01;93;4,2999999;10797,15159;1971,176541;0;0;0;22,08160758;0;0;0;1563,802969;0;0;0;5483,889545;0;30461,116;67;7582,276;48422;7904,391676;0;137,12;1806,039008;1045,6;1684,763155;40;734;158,911;165;0;-31,1299999;88,7;1,25543;-112,831;0,69785;9,4;22,5515582;-14,46;11,0738;73,4578999;7,66;0;0,393003;0,06;0,00001;12;57,1;22,3850223;40,97285296;0;0,029924;0,26232457;5,5899999;-5,91;0,01;-334,5;95,9;28,4608802;16,11706322;23,3;9,1999999;29,56727425;-78,45956434;202,78;12,1999999;62,3767285;0,46;0,252601;48,4344296;14,1199999;14,8;17,8599999;2,02;225,24;5,72972;6,73622;40,8132;1002,5;0;56,9298293;32,4346999;22,7205112;3487,11;3275,072298;6,2401902;0,48;0;1330;7;0;1092;6;2611;225,0999999;550;5574,749108;2575;0;180;0,00001;3,23878;1,6;236,69;-361,9499999;5,5999999;5,94;278,3311425;43,3513999;3,8999999;0;-182,9;0;-6,8099999;37,6499999;5,5999999;6,45;142,263;4,8799999;312;0;40;684;-115,8199999;-130,9;0;0;0;0;0;1836;67;988,7999999;661,2;500;126,1795;2,02;7,9;71,0557999;41,1;-76,7999999;41,5399999;778,1919999;19;162,4;1,8999999;59,2999999;43,5;2633,238;0,67;135,535;10,82;58,75;130,5029999;-17,3;11,21328275;18,35;49,0399999;0;7,5599999;132,8;13,14;0;8;174,9;12;9,58;8,101;48,78;45,8999999;7,6699999;0;109,4;0;0;84,13745596;22,16;0,299751768;0;0;0;1;155,413;6,5999999;10,44;0,2;0;13,1112
1991;153959,0873;81867,35315;63939,30301;360;0;9362,56;55,8999999;0;81,7999999;523;1552,52;0;-207,7861406;16166,08715;4727,24972;1135;1470,419;1361,668;2481,577;0;0;0;76,983;6074,612329;359;2186,582866;40;81;64,9;9633,026352;6353,203736;0;0;0;18,27233233;0;0;0;302,3319667;0;0;0;2642,27784;0;14846,168;119;2880,957;22799;4055,275129;0;49,56;1284,26882;1455,2;1691,366072;80;253;91,9038;317;0;-0,62;172,8;0,8925;-14,4979999;-4,8740399;4,2395399;32,7535296;12,39;41,3248;-54,5891999;4,58;0;2,5061599;2,2999999;0,00001;6;18,8;13,6817622;18,97484715;0;7,4080565;21,55290577;-0,15;1;0,01;664,1;-8,2114802;85,3676204;7,24291281;-28,6999999;22,5;120,4858546;248,0697637;34,34;2,7999999;120,7804131;0,57;1,7443299;18,5248859;8,0299999;20;38,77;2,0899999;8,41;1,20522;2,26979;15,1574;1123,9;0;-7,443984;7,50447;5,6574278;4366,34;1020,860063;2,3713615;10,72;11,1199999;1271;5;0;1482;6,9;4043;235,0999999;556;4887,09444;2049;0;375,190278;-0,28;1,3904399;0,6;75;22,59;6,5;2,22;271,9186785;67;19,62;0;619,5;0;7,6859999;-11,89;0,8;1,6299999;135,241;42,5399999;165;0;54;810;25,94;282,5;0;0;0;0;0;2439;95,7;1102,2;822,1;456,8999999;160,1431;0,00001;12,34;80,9955999;-7;18,5;32,34;231,159;15,05;178,4;25,1999999;90,4;52,1;4761,498;42;108,525;6,114814815;54,79259259;184,749;-1,3;7,42492125;4,86;-8,5399999;0;15,22037033;145;15,27407407;0;13,6;171,1999999;13;8,02962963;33,408;21,44814811;59,4099999;8,896296296;0;144,0999999;0;0;11,31773693;33,82;0,508662055;0;0;0;1;116,7189999;3,1899999;14,513;0,36;0;25,4744999
1992;164684,9945;77530,90366;59033,38516;1485,517753;0;11285,8;41,5;13;107,4;1003;1017,39;81,89998767;397,7869999;18699,12261;-2089,399033;1144;1477,004;1458,175;3209,808;31,5;10;0;39,542;6392,101324;678;1637,534286;77;100;111;10665,74069;-41,03845751;20;7;0;-12,73765811;17;0;0;-668,1148926;1161;0;125,6813081;411,0309909;200;17236,65875;0;4723,744;19222;5479,381633;0;303,8679999;2755,603983;1001,6;1088,200066;30;459;99,0931;424;0;0,09;583,6;0,600088;29,2038;-10,6766;1,96078;2,7390325;-0,73;6,01832;126,94;5,5;0;-1,4469799;2,29;0,00001;0,17;6;21,1267605;14,77845173;0;39,3877865;1,620467065;-0,06;3;12;288;-1,5;84,3559357;7,643731964;-7,0999999;25,3;118,2324045;3,506299066;45;19;77,5731793;3,1130521;0,450472;69,0538437;12,93;22,5;19,69;5,83;-10,85;-21,8745;7;56,3900999;1156,7;0;21,5344626;-5,59905;-13,1095764;11007,51;3887,467096;5,7118033;-19,5;2;879;7;33;1799;7,7999999;5138;149;776;2204,33771;2151;0;473,945856;0,36;3,7218499;0;252;8,5;6,5999999;0;360,5691236;122,631;2,3999999;0;868,62;0;0,093;40,7199999;35,2999999;18,46;104,291;39,5799999;250;0;57;844;129,72;718;100;0;9;0,00001;9;4430,978;122,0999999;2061;935,2999999;728,7;177,8968999;0,16;146,6059999;117,0755;-79;-54,2999999;11,3;1937,428366;17,8;226;15,3;94,0999999;47,6;4392,799;42;144,494;15,42222222;19,64814811;-16,25698324;0,3;14,44999995;-131,22;27,4899999;0;20,38148148;179,6999999;22,58148144;0;-1,8;190,4;12;4,614814815;40,0559999;12,52962959;40,94074074;13,9;0;171;0;0;38,58974444;0,03;0,475893218;0;0;0;1;104,3;5;14,173;1,22;0;26,4529
1993;222236,6021;82785,39965;63313,48216;1125,106122;0;10750;40;118,2651402;83,4;653,4672484;1712,77;161,1295933;973,907779;16620,00232;368,2348244;977;2442,954;1077,89;3746,619;44,11601373;31,2403604;0;69,48408115;6359,115239;1715;1440,670702;94;179,1378503;112,5999999;8571,494817;3845,877075;68;17,6;0;0,443765976;14;0;0;991,5239783;1210,782;0;96,1073501;-83,2419702;200;16956,70237;0;4731,586;50663;4054,917854;0;471,85;210,4354395;832,2999999;2211,822687;0,001;1206,5;58,1529;491;0;-0,16;656,2;0,47368;5,12073;-9,98013;15,1609;286,054322;6,87;22,3017;-113,7159999;5,8399999;-0,48;0,190705;1,4199999;0,00001;3,5;2;15,3588383;15,35584769;0;0,1156186;18,83414744;2;54,5649999;20;302;-287,3999999;71,896425;15,33169714;8;32;55,29815711;10,09872266;314,3999999;38;1,4055508;3,1783813;3,64407;175,1535334;11,19;125;2,72;3,2999999;-53,6199999;4,1672111;16,8;-34,3513;1878,1;0;-0,7063069;-7,46292;-6,9571236;27514,95;6929,625915;5,8549998;-3,6;7,7;917;8;54,1199999;2003;29,8999999;5741;91,7;1238;4686,314434;1807;0;926,3037149;-0,02;14,0498999;0;532;207,55;6,9;0;399,3022291;194,4859999;0,8;0,01;-275;0,01;0,803;-33,5499999;13,25209797;7,4;142,0029999;72,0499999;180;0;60;636;401,3199999;903;1271,4;10;9;79;48;2793,085;123,5999999;1290,9;1034,2;959,1;473,725;0,15;69,537;69,6139;760,589;-46,6;101,5;417,553846;13,59999995;246,6999999;16,3999999;142,488;52,1;4388,801;40;169,496;6,466666667;15,2407407;-2,569832346;27,1;9,40211385;675,98;459,7599999;0;13,2;189,3;20,24814815;0;-2,2;139,1999999;8;4,859259222;11,006;13,75925922;34,16296293;31,4;0;372,6;0;0;54,74227673;-3,24;1,379066478;0;0;0;0;61,9508;5;23,3709999;2,18;0;25,9679
1994;255893,7326;90540,97957;73153,15478;2075,823594;0;8513,58;105,4;110,3327683;75,2;868,3103411;5006,18;214,3515626;1648,519344;15680,25694;7134,509086;981;1143,371;856,979;2235,95;212,6324252;31,339325;0;155,8288634;7031,611503;1875,209041;1250,510601;341;255,1740064;116,9298479;8883,492432;6349,663101;52,9699999;10,5;0;-1,529786516;12,02;0;24;2776,447451;689,5739999;0;62,5847823;3366,991058;159;10235,26729;0;8204,115;45095;4762,566258;0;475,199;888,3844709;1136,6;2616,630695;0,001;1133,4;-72,6243;551;0;99,18;566,3999999;0,0039578;-9,0056899;3,6022799;27,0747;2,99;-1,5;16,9955;-99,6029;0,001;0;0,177714;1,4199999;0,00001;17,21;4,2999999;5,7265569;20,04409701;0;0,0298895;30,74432441;1;88,152;50;170,0999999;-14,1545452;63,2747351;42,58195333;24,99263219;35;97,97792044;379,6327588;40;41;13,6490125;18,3715924;2,1284399;117,5385668;8,75;233;0,21;0,43;17,3799999;17,4710242;2,834766;-11,2589;2287,4;0;66,8221647;-2,87419;15,5384047;33766,5;7827,938821;0,27;3,48;6,9;1375;5,8899999;68,9;2191;59,2;4581;135,1999999;1591;8550,188551;1369;0;1944,515936;0,02;11,1478;0;974;0,294;8,7428699;0;789,3408189;166,4139999;8;22;208,0999999;8;-0,03;2,85;0,033684778;22,5599999;76,4629999;131,8499999;690;0;65;608;62,46;15,8;659,7;38,18;12;103;73;3634,932;130,1999999;2149,9;2583;1446,497261;576,3265;0,03;106,694;122,5459999;3289,187;-30,1999999;154,5;813;18,814;297,6;0;65,0999999;41,5;10972,501;40;401,572;11,14444444;24,78888889;-58,77094972;23,3999999;12,94999995;677,5099999;467,0699999;0;22,6;206,8;19,31111111;0;-2,7999999;129,6999999;0,2391164;7,166666667;21,5079999;15,34814811;32,52222222;47,28518519;0;521;0;0;71,51053192;1,55;0,519100713;0;0;0;0;56,9504;3;2,096;2,780521428;0;29,7862
1995;345142,7446;141746,3675;110995,2516;1825,090253;0;10688,7;90,4;103,4753831;375,7570399;2561,831451;4176,803746;193,3239157;1021,20023;23562,49673;12024,48487;1053;5103,486605;1442,925;4816,515;178,2942208;72,5575;0;129,287173;11723,69591;3658,1745;674,9228273;419;2587,149232;153,5604039;7910,827709;14448,29188;70,0499999;14,6999999;0;-9,259302198;66,9099999;0;9,49;2409,410338;2065,723;0;44,9853536;2222,466532;267;23589,64;0;9254,772;58772;11678,76178;0;1576,598;41,46307235;2487,1;2849,961939;0,001;595,2;-88,4860999;332;0;12;377,5;1,9819199;7,2924199;6,2005657;32,6115701;121,8155737;-22,35;63,3459414;-316,6896391;2;0,03;0,889525;3,218527917;0;14,14;33;9,7087378;18,69287888;0;0;45,88080143;1;124,509;150;472;70,41313605;43,4950492;23,4071942;5,64306096;45;152,9876567;1241,21541;107;117,7;8,0136552;9,8167277;26,1805999;211,7608404;15;106,5;0,77;0,04;4,5999999;111,3898082;6,8264999;14,4245794;1271,05336;0;35,0597418;7,2870543;32,054621;37520,53;6213,362504;0;2,1899999;9,8;1559;582,7605633;150,6999999;4419;95,0999999;5815;317,6;1459;11942,80997;2070;0;1780,4;-0,0933266;92,2999999;0,05;2151;8,7629999;7,23071;0;492,095;65;25,32;155;430,5899999;0;0;13,31;6,701334906;35;46,2939999;93,56;578;122,5999999;70;885;399,85;-217,6999999;964,2599999;96,0746999;10;233;-24;5609,423;374,3;4405,122;2956,1;968,3682736;452,4601999;0;74,415;94,5;2556,982;-20,6;156,5999999;985;20,76249995;336,8999999;38;75,2999999;69,4;9526,3;75,4;223,061;17,58148144;31,48518519;1,117318436;106,8;11,80375015;-576,71;50,31;0;54,09259259;414,3;19,97777774;0;7,4;147,4;0;3,033333333;-150;20,47037037;32,75185185;30,6407407;0;295,6999999;0;0;57,17008099;2,08;0,387685967;0;0;0;-0,21;454,569;3,4399999;2,0259999;1,028451304;0;31,0448999
1996;392778,6563;138208,4791;100057,6504;4323,513092;0;14063,9;109;485,18139;428,8983104;1428,437754;758,7946891;147,2909262;1087,64318;21745,72761;6572,645653;1058;3299,576146;2617,483;3535,094;382,3640488;152,43;0;293,0094103;16186,76489;4498,720374;1312,517062;263;369,7432936;175,479362;9325,034251;5437,401953;90,09;104,5;0;83,36842105;23,7399999;0;11,21;3211,102343;2579,321;0;0,001;3078,454058;521;28448,04184;0;9633,764;84455;5629,724696;0;1616,775;228,0835455;2782,6;3918,61704;270;636,3999999;-111,7219999;322;0;0,4;351,1;0;101,316;10,9255755;39,4661735;72,5791317;24,7899999;247,6385587;-498,6159764;2,22;0,32;0,51;3,263542294;36,7;21,93;10,5471417;10,1626016;36,66126219;0;0;28,80615214;1,3;121,507;148,5099999;180,63;71,17501952;21,72421413;28,02749253;15,76759186;72,5;128,6938723;817,5654459;127,1;80,9;13,4883648;16,2251344;28,5279999;269,1945296;18,35;120;23,77;1,03;-132,13;43,3973476;-0,43554;2,3458025;2190,68466;0;5,4735393;0,663928266;14,4657825;41725,52;10460,17371;2,072786;5,94;15,9;1864;653,6;293,6999999;6245;159,8;7297;580,7;1520;11432,37071;2338;0;2395;0,69;231,61;1,3999999;2525;20,4899999;9,31525;19,16;439,305;133;17,57;591;2048,2;0;-1,994;15,51;347,350948;80;60,6;338,87;64;177,1999999;89;722;300,5199999;-60,1;1136,88;46,7927;18;108,06;90;6948,537;429,3;10791,687;4814,616;3111,67659;499,6532999;1;92,914;78,9537039;3471,149;19,1;136,8;2183;16,57999995;427;0;76,7999999;90;9185,451;97;415,702;33,22962959;19,35185185;84,46927369;87,7999999;15,83648405;1109,55;1231,71;0;17,8;96,5;16,96296293;0;4,0999999;183,6999999;0;-0,318518519;-59,832;35,17407404;18,41481478;42,64444444;0;356,3;0;0;16,53245913;3,5499999;0,53840006;0;0;0;0;111,294;1,1599999;5,944;0,284990625;0;32,7321
1997;480628,4795;162388,1606;111729,3368;2668,974816;0;11998,3;646,6614424;579,5750298;548,3628429;1301,371678;2801,137413;267,7468776;2093,281606;23381,63966;12244,63398;984;4167,317669;2028,797815;4961,472;522,3345158;354,4925;0;82,00722343;11181,06879;4910,209222;2340,007915;1215;230,6031021;334,428438;8918,367254;10967,54505;47,5399999;351,6;0;149,5395907;78,7399999;0;58,058346;3981,536461;4864,643;740;0;6635,798003;623;33128,36833;0;11525,1838;103398;7762,472354;34,7;1990,376;3224,61836;3301,1;1917,456791;260;886,8999999;-67,9;1204,709508;0;97,9;365,3;0;78,3355999;1,497424;44,2939405;79,1715852;-44,35;53,4515281;-318,4236271;2,5899999;0,14;0,02;3,100365179;41,1;288,49;53;13,7608366;55,27774216;0;0;53,39364227;1,1;141,500765;157,8;411,6499999;100,0887486;-15,32131353;31,68430282;14,90063427;64,4;83,76808826;3816,656395;217;135,0999999;13,7063986;9,765809;11,5766066;415,4580764;20,57;81,7999999;17,3009999;11,4791088;213,8199999;69,7313031;-3,3299199;16,6190083;1642,472174;0;176,8125427;1,800033011;18,5036381;45257,04;11368,14793;-0,4910394;2,31;25;2248;701,74;168,0999999;4729;86,2999999;6323;878,7999999;1249;15701,73962;3882;0;2220;-1,46;575,2899999;-0,7;3619;43,012;11,4088999;23,0599999;711;433;51,9399999;1051;868,6170213;242,586;1,153;360,9309999;19,77919822;1799,6;65,0266088;418,3299999;57;163;80;805;232,43;-138,5;1321,907487;83,0408;18;107,86;166,8;9160,272;854;18992,934;5271,4;5562,216362;723,9357999;1;52;178,7943637;2139,26;-9,1999999;126,4;6202;11,946;406,8999999;59;84,5;127,652;12829,556;172,0999999;1299,203;21,24444441;22,94444444;195,9217877;210;18,20349905;3636,65;3150,87;0;21,11481478;420,6;33,5;0;4;203,3;0;2,566666667;-16,24357542;19,67037037;47,82592593;92,47037037;0;999,6;0;0;26,52942473;14,3699999;0,512104974;0;0;0;0;28,5752999;19,9899999;33,872;-0,010526149;0;30,2333
1998;681509,2912;293729,8218;211493,6044;4571,855707;0;22690,5;678,392895;943,6517714;345,3450658;3716,358128;7730,385639;578,370361;12236,38857;31238,05338;24593,23623;71,2;3334,861149;8862,216911;4280,245;355,8295314;925,5;0;277,2486228;37277,25342;6398,400184;3026,885982;2031;926,7614286;217,8277983;14266,89455;19918,94207;45,01079681;190,8449687;66,73637671;152,6389443;75,51;0;150,4820856;3934,871639;2761,36;113;0;8940,757754;743;65062,00482;0;22803,446;174434;5528,856725;102,7;1966,699;3192,576296;5989,2;1825,772782;606,6;1075,5;-127,894;400,2428049;0;370,6999999;668,1;0;215,1049999;7,300593947;21,69668041;32,7772428;61,3299999;274,7681167;99,16908494;7,0999999;4,2;0,3842163;3,173513541;148,518;260,67;11,41357735;16,1419999;12,17036849;0;0,7085518;53,20978528;0,04;132,63327;172,1999999;1114;95,31813492;152,7238128;26,77143705;12,1;234,9;77,29348007;561,4766256;238;444,3;32,7145259;4,4071382;8,760716195;760,0991267;23,6999999;167,4;17,849;4,4071382;190,31;8,86852;-0,2985608;-1,1865372;1210,105259;0;60,3438923;0,104884819;19,4931113;45462,75;13939,36733;59,9189003;-17,89;18,8999999;222;573,25;242,823;-207;45,2999999;2713,995728;683,6;1752;5958,652008;7492;0;1671;-0,01;576,46;0;2633;37,596;11,5;12,0246999;506;150;232,375;1022,97;-275;265,3319999;7,3879999;310,014;59,06364436;1134,903121;101,4415098;347,3;94;218,1999999;82;940;257,66;-219,4;1160,891013;109,2284849;29,9404;62,2999999;139,5999999;7290,657;1026,05;28855,61;4627,817978;2828,826262;869,9728999;1;44;211,5538417;1643,949;9,0999999;164,0999999;4985;18,98599995;611,7;1102,7;672,7999999;99,0212;12756,765;194,6999999;1203,1;28,06296296;22,77407404;83,57541894;847,0085874;29,1604822;8777,51871;4354,11;0;6,511111111;699,7999999;48,68518515;0;10,76;369,1;0;2,566666667;5,024022346;31,92592593;83,39629626;88,95185185;0;731,8999999;0;0;144,8545918;10,73;0,43974545;0;0;0;0;109,626;3;8,8046299;0,045708551;0;20,3834
1999;1078285,663;531685,9001;418392,8397;2974,499988;0;119692,913;922,6519159;1425,48395;803,6206074;6329,666293;16756,87763;302,7826814;4610,271173;46544,58054;56075,69354;561,8999999;3311,936107;18210,64171;6911,159598;346,4549436;486,4575;0;856,6267538;41203,16164;7270,784022;1156,734251;1027,032037;626,7974391;105,6862843;18743,38475;61135,04139;41,19987532;444;176,7801503;68,54191522;37,89;0;88,4061564;6789,95329;3285,93;112;0;11718,59189;496;90033,76711;0;24744,06521;283376;1847,15636;60,5;4187,194;12741,33635;10726,3;941,4641116;291,6;1065,3;-128,0689999;1380,41822;0;370,8;367,8999999;-0,572606789;-15,4947;5,976946527;24,52497081;520,6375193;11,16;154,2961739;-217,6875389;1,74;3,04;0,271;3,21290112;83,2220999;69,98;13,8218624;58,381;49,35320697;0;1,462435;55,21676793;-0,81;140,2470512;496,6;2471,401;36,67437936;100,3849755;32,73601027;58,49986731;381,6999999;19,60625127;1503,237591;85,9609999;59;39,26431584;7,92595083;61,12945837;235,3487662;49,4799999;243,6999999;63,45;0,730876613;256,2599999;2,178012308;15,11946;0,276108943;1177,707927;0;153,24696;0,53320031;31,68268911;40318,71;25355,33355;-2,9692306;9,4199999;30,3999999;2926;747,8686686;232,239;-1838;51,6082665;3895,263158;304;1247;18852,95228;6106,384723;0;1412;6,04;309,12;1,05027476;2168;15,621;12,3;4,35107;532;201;122,034;510,3199999;453,723404;82,2069999;0;156,4;72,26976332;871,6765421;39,0117035;113,25;123;188,5999999;263;783;-985,34;-307,6;1437,694772;44,4129999;6,7028999;125;121,2;23987,696;1010,488;28578,43;8761,016218;1507,90713;648,4152999;0;46;99,9892532;1940,009;-61,5;235,264;2890;53,579;619,4692119;215,8;154,5999999;237,3372;13935,805;300;864,3999999;38,01111111;51,79142222;467,5418994;781,8999999;37,5395051;7915,398866;6475,83;0;17,95555552;1337,8;41,55185185;0;30;523,7;0;8,214814815;-14,74413408;57,737037;83,15185181;56,79629626;0;643,2999999;0;0;79,30423475;4,4299999;0,451627472;0;0;0;0;296,4929999;-0,718517166;9,9004999;0,958145992;0;13,4034
2000;1356685,067;710777,7035;564989,5288;8501,013451;0;88738,714;1016,486088;989,6522576;837,5861433;4985,209231;33823,48939;391,2474664;8834,047356;27495,01566;198279,3394;1108,162889;2764,061819;25779,43615;13374,7927;328,3397826;378,8725;0;581,5570296;63854,98434;9445,314963;6559,806523;1056,753271;2720,378662;137,3576561;39575,10319;23432,80682;144,2703151;118,8;146,0755773;171,2249049;127,54;0;215,0566;6408,77362;2651,06;51,78091026;0;19854,57474;595;115304,0181;0;66795,05222;314007;14190,96375;66,9;6957,443;8322,739294;11509,4;1346,568839;280,1;1235,4;141;421,9620539;0;392,1999999;779,4671258;11,68324608;158,8009999;0,8890749;115,1724215;165,9044687;94,1903999;154,4995899;-42,62643685;8,0999999;3,7999999;0,093636115;3,286049482;27,8701067;134,6399999;110,9046111;82,9526;276,7661222;0,01;0;24,3269826;0,27;180,8121074;1012,626174;878,601;61,24330139;105,7950987;32,4007;39,6317699;139,3;186,4055748;887,3416208;121,7;23,1999999;59,73656415;23,10752048;43,44576577;234,7017315;43,52;114,9;9,9399999;0,702270863;20,8;82,43957661;40,096;8,437082149;1309,665175;-3,8399999;62,93751475;39,00091773;41,47190355;40714,81;54581,91774;-2,7538235;-0,79;53,6989999;4928;549,6072507;148,5039999;-4550,37;33,89;3787,631579;91,1149999;2240;14751,79238;3410,119;0;1289;0,17;578,6399999;0;3587,989747;193,5749999;22,2648385;-0,484827;309;175,13;104,1889999;129,93;363,5638295;131,2318783;-0,032;913,25811;16,29981223;993,475;83,2;251,5999999;183;62,005;270;982;-506,3299999;6,39951;1282,524399;-2,361;23,5432999;131;74,7;10418,314;736,404606;32779,24;4860;2436,46;-23,4393679;0;67,0999999;137,9382275;809,69676;-97,2;273,4909999;4701;23,341;666,9437816;173,4;229,5999999;381,6591485;18246,819;266,5;623,8999999;39,71378519;43,11592593;-127,9329609;609,192;73,6969439;8073,327;9358,723;0;17,59629626;952,9299999;37,40740741;1,8426385;13,25;468,8;0;2,292592593;-0,605027933;96,21481481;53,74814815;37,74444444;0;679,5;0;0;2,959663961;9,874719;0,721810265;0,739;0;-40,62609177;3,1776472;98,23302758;-1,206806284;13,0283;9,212396872;0;20,2561
2001;773130,5078;350865,3601;298098,7563;5689,434546;0;88203,254;808,4258753;1035,852923;928,6437122;5641,740699;11522,53683;539,2891338;3731,529481;15946,77274;26401,9964;1589,337008;3936,045586;9650,92035;14870,56044;105,1802668;445,8125;0;235,2321149;51927,49953;5579,255161;6195,650151;1157,931473;2274,839599;358,5319147;28408,1288;10914,35507;206,427683;95,7999999;118,8670699;173,5906537;103,44;0;447,132;2505,658027;2808,331;177,4409178;0;9389,136116;792;35948,78033;0;27663,42106;159461;7825,430321;41,7999999;1771,719;6241,595833;6522,3;-250,1313715;1113,105541;509,8999999;-133;2807,060073;0;574;486,5469761;-0,002288183;73,2851;5,1838988;459,8663918;77,25373411;102,2218999;940,7412157;-89,09075779;18,5;3;1,145914995;3,392958626;12,1316264;349,3999999;5,302622602;93,0592;-25,64428256;0;0,2059781;64,7402749;0,04;151,496;467,1999999;2145,501;30,68191933;28,17922263;29,68;39,370078;255,4354914;365,1721767;6783,921349;145;3,7999999;43,8585123;6,267060825;12,68305292;272,6798983;35,4799999;89,2999999;1,6799999;0,39561333;8,3;121,7315859;76,7;22,89509835;1277,420643;0,23;31,94236596;9,835762656;63,58461146;46877,59;29060,6828;-19,8409546;160,0049791;63,0009999;4109;526,4256512;149,3969999;-2977,39;23,8999999;553,9473684;15,2899999;195;17301,64311;5073,202;0;1300;0,68;354,47;0;5477,637624;408,11876;20,4982048;20,85;383;81,8877982;69,869;226,5099999;80,31914867;109,8398354;-6,6559999;273,6248237;-111,5161633;1453,907;5,2;295,5199999;504;19,1759999;110;3352;1183,84;155,1409999;2834,9986;5,007;9,4954;170;82,7999999;2166,137;705,765957;22457,353;4199,8;2541,943;538,5685751;1;56;63,0100781;1144,26;-26,8;296,7938588;3683;61,16299995;608,6484868;279;498,5;304,2429233;30056,232;150,1999999;467,1;29,61888889;98,45222222;-266,9273743;587,0059999;91,5049109;3791,26;2133,108;0;17,11592593;1079,1;58,74814815;0;4,94;613,8999999;0;0,528518482;62,45251397;88,2307407;58,80740741;21,04037033;0;834,8999999;0;0;41,15714386;23,68875451;-0,273476291;0,739;0;103,0412079;-1,4318567;63,77039115;1,414589798;-9,313303953;7,628663006;-0,009;18,0043
2002;590311,3487;296002,8356;262766,0238;138,3464308;16250,52939;0;922,2888334;984,9748247;1038,595235;8482,047131;6637,3559;288,7280599;8046,021364;21514,45673;53522,33118;39,55578561;2993,565399;29323,79653;17054,88118;209,8724766;724,9711718;4243,174365;-418,6769121;25038,25702;4030,107255;1630,034351;1140,652205;5864,878829;1569,674839;39222,56929;12273,03497;133,0563267;247,0999999;265,1736865;87,13563026;84,0499999;71,89007727;0;1192,417627;3425,021;490,6357348;0;6864,257255;693;19683,07447;0;22155,45587;74457;14246,20768;5,4;1582,835;9239,348263;5475,1;1751,927444;1064,96;646,8999999;145;480,6907065;0;713,1799999;820,8309595;0;601,7459999;5,6442865;924,1192101;136,7785385;187,5986936;323,3915075;36,96333366;1,5;3,6;0,430423479;3,432346206;22,7661658;255;27,6252336;61,10993201;32,10733596;0;0,1001268;47,7177771;0,14;184,648;387,6;1743,504;403,4139037;96,43572059;28,4012999;38,7190554;347,2528305;181,3634768;1569,155749;298,36;25,8999999;13,50812353;15,02608366;38,52445077;212,5804175;42,8269999;58,8999999;30;3,545254725;2,7999999;243,8047714;67,34035232;2,404632504;2040,182095;0;78,05299374;10,41342906;53,36390297;52742,86;3662,173737;5,5962143;377,6718039;77,751;1445;1035,528459;145,1059999;145,09;4,5;3203,421053;17,709;1542;5338,352163;3355,416;0,942;1400;50;335,47;2,425411898;5629,671078;3519,38036;24,6711804;-5,95254;823;192;110,7249999;1392,44;217,0212763;160,2119604;-0,326;238,2228491;3,619444975;1335,964;122;623,9199999;453;9,4399999;115;1082;95,2999999;114,302;2590,21757;4,665;36,0664;276;65,2999999;2148,908;676,570098;16590,204;2550;2133,698;783,2609999;0;43,6;2,0438921;2155,837;-73,5999999;193,748912;782;25,46099995;824,6261684;470,1999999;205,3;275,167835;24097,967;203,9;98,5999999;33,2382333;65,86506481;332,122905;353,7069999;228,3432538;5451,882;2802,975;0;20,11063704;916,7999999;54,48888889;0;5,7;478,8;0;0,639645519;74,89385475;79,77168885;51,93541478;34,04825552;0;790,7;0;0;30,45406736;10,9309999;0,249788108;0,839;0;59,05551726;1,9010145;18,27881352;1,59940289;-4,001994882;4,692076768;-0,01;15,52464834
2003;549570,5644;274684,5221;226394,2581;6195,021861;33476,142;0;2088,529334;1812,649685;891,441882;2102,736715;2610,938314;927,999377;3318,958415;7855,00895;32376,76545;1275,23323;2137,401419;22781,29282;19424,38326;279,8989655;180,4094914;4291,105683;959,7847141;32899,86615;3982,305977;7983,640583;2196,303979;2975,667977;271,1803385;25819,30265;5280,288884;177,1038131;171,8;381,053072;332,0992322;73,75;49,4314936;113,3263509;2450,347588;7754,758;1466,986594;0;17305,4617;1424;16590,14616;0;7482,245459;53146;6338,891375;12,9;3322,393;6323,977642;7010;-2788,455955;637,853027;237,4;143;2314,468404;0;1349,19;583,6424879;0;336,2679999;11,3;712,6634549;323,1297316;391,2547235;689,779766;206,0788025;4,7;3,3999999;0,791465933;14,22454296;24,9997865;465;81,7351983;95,45113177;62,07551565;0;0;58,4255047;-0,85;202,193;308,1999999;3576,97178;417,9857089;-63,88842989;43,9365999;13,2620926;336,6984008;148,7488681;733,6660167;346,62;3,7999999;44,73158981;29,12250516;12,41325197;165,3905712;10,70428003;110,02;82,7999999;3,489332416;372,22;132,2608396;101,9579516;11,47109429;2171,390315;0;52,49483827;8,615054047;33,73365451;53504,7;17830,80232;57,2136025;412,2803955;131,5399999;453;3298,074255;83,9809999;-596,9199999;19,3999999;2473,157895;1855,15;491;16353,24708;5222,348;4,519;1450;57,7999999;350,25;3,370306526;4321,076437;2877,4815;31,7689856;1,7861505;534;198,6999999;122,8529999;3285;516,700266;334,6490907;1000;546,9675599;-67,11139149;2860,020313;25;624,9199999;778,461364;17,972;160;1702;4255,956433;-89,1069999;2092,0288;45,5439999;31,6497999;226;82,5999999;1652,011;197,401006;10143,525;4333,669356;1720,493;871,513;0;26,1;28,460645;1335,007073;-76,0999999;416,4075212;2040;-10,925;692,1110081;141,6999999;263,3;402,7795158;18269,315;201,3;817,5;29,3922963;166,3211437;159,7765363;713,259;184,7012886;9660,121;2602,57;0;31,47214074;613;89,16666667;0;13,7999999;720,7;0;2,080622222;10,96648039;75,61216296;106,4259259;55,16444811;0;808,2999999;0;0;39,82550626;0;0,670758929;-1,1519999;0;116,0481425;4,5937054;101,0256914;2,724300729;-1,800687709;6,244495291;-0,011;19,73172708
2004;699234,4965;239885,503;155573,5423;3183,64965;43557,8899;0;3397,118077;1291,406434;8594,77819;4974,497856;-10715,96679;957,1175157;2826,519653;-2573,579681;-10192,1787;2101,655771;4265,732493;-10607,6127;20125,86094;607,1781118;844,4245777;5179,643439;12608,15841;12452,36632;12140,25032;2560,654367;6435,591316;4028,991824;675,45647;24760,68367;12093,2549;345,6718382;163,7999999;511,1861652;725,9262847;146,1999999;65,37656839;323,6693698;954,0368174;15283,751;958,4697622;0;1845,838359;1715;61219,74441;0;-445,0354337;135826;39611,69333;831,6;2947,35;7815,417818;13294,4;1439,669115;884,749028;2157,4;357;894,5627096;0;1511,07;639,116157;0,044690708;86,1221;15,1;466,7934921;-8,487842736;409,0328144;340,9144685;193,7287638;7,7;3,5;0,671354369;38,54355985;24,1036648;545,1;46,063947;95,19172116;11,16424532;0;0;37,4466703;-4,79;295,416;330,6;2197,22782;390,9678258;69,58538258;56,68;58,9487571;475,5135728;225,8472156;798,0259115;364;8,6999999;63,84432645;14,34831578;35,52927557;282,979831;55,5262886;139,27;97,9;9,180650596;75,3575;101,0022999;404,1020257;20,32236388;2127,086142;-0,65;77,02849788;61,15322252;59,35811163;60630;29153,8264;64,9591858;484,6568946;92,92;1898;205,6084718;131,416;1895,89;17;4624,210526;729,9299999;688;22324,8907;5858,576;0;1610;186,9;460,3999999;8,859907539;5777,8072;3037,29984;52,9337017;-0,417346;1118;223;247,1406085;3556,1;865,3082447;492,32944;300;936,8124118;23,75296912;2483,692693;111;1198,97;1942;48,8999998;320;2785;10003,5;143,578;4157,208487;175,458;272,0250999;353,6999999;176,5999999;4124,705;85,4599749;18145,883;7241,04262;3115,636;836,9395939;0;30;69,5565315;1599,038389;-37,3;332,3694883;1483;111,496;975,9076527;363,1999999;296;546,7;25014,14697;250;1019,1;91,75051852;80,36658519;-105,6523806;803,7469999;228,3345;28309,656;3703,461;0;26,17394815;909,0399999;65,0143333;0;5,9;601,6029999;0;2,338296667;21,77709492;55,77147407;76,52028519;65,68616667;0;998,1;0;0;250,0216382;6,420020709;1,95366788;1,1559999;0;27,48018589;6,8450369;25,75608061;7,757343386;5,681311575;37,48300838;-0,012;25,39583147
2005;954072,5163;506576,6911;297514,9341;10784,46003;34370,49197;0;3919,965925;1810,334278;11090,50679;11653,24701;7533,546443;2799,17481;4750,161667;33228,72581;47449,79605;623,2900561;7708,959225;-31689,3001;23291,29981;706,3622345;1134,594339;4644,769483;25083,20897;39047,15714;8203,217716;3011,208715;6152,300812;3109,637865;561,6475153;25020,18355;11515,98602;264,3386559;306,5999999;351,1858243;3071,050797;190,6999999;500,611849;96,02169079;-2273,651533;14375,052;1577,035766;0;-266,9493566;7808;182927,9379;0;25691,55608;104773;-28294,65356;43,7;4818,272;2775,758043;13643,2;1204,700515;1145,617701;5375,6;1038;1653,985726;0;1617,098139;783,0865634;0,584700161;234,007;10,1;-99,34251936;585,1634602;266,6;769,1461852;242,3350144;7,96;15,6999999;0,558643684;22,2033412;1,4315538;265,112;21,2129384;86,01968018;41,56467613;5;0;85,8796027;24;379,8083407;935,5205917;-1303,83693;421,3812361;-45,85388712;27,3999999;99,140819;107,8533189;385,2410553;6646,926642;356,94;102,8;53,04397613;34,1518348;53,43892067;311,920344;53,6503426;144,97;105;7,996693638;82,8081999;223,8031501;811,8691814;30,29378085;4978,260026;0,18;44,58848688;83,18225077;76,99234835;72405,69;34057,83219;-5,979987;1243,281164;187,62;1625;289,4836442;381,18;8336,257;27,6999999;4065,390577;110,3499999;1850,936;17747,77698;8215,637196;0,908;1954;271;845,2599999;6,210884351;7621,768707;2889,19167;73,2309846;2,4517799;2201;272;292,0732202;1679,92;1048,670213;452,752292;515,3;1984,48519;233,9041092;3321,491495;1538;2500;12097,333;46,542;583;10031;10899,93193;-302,057;1971,218;42,5649999;14,21;418,1999999;191,5999999;5265,263;-238,62;15066,292;7096,890411;10235;493,4138355;0;76,7999999;41,9990007;2578,719365;28;847,4002046;2589;126,9085;1364,133914;511,1;508,3;599,8;25795,64874;241,0999999;917,6;118,5841333;220,9633741;-207,0427813;1054,312966;390,0613959;-7142,639;9506,484;0;19,23555926;1122,7;70,15712959;0;26;682,484;0;5,437660741;41,8603352;92,99448885;78,23342963;40,08731481;0;939,7;0;0;173,8647049;7,81891555;2,606016174;3,3029999;0;-6,738744685;4;33,52729735;3,756616882;18,58087283;12,96936754;-0,011;27,57080351
2006;1413371,305;664818,422;410722,3349;4754,757314;58892,96875;0;7804,89399;3132,77216;16726,16082;5462,625467;9530,535853;1334,410019;7651,707791;25325,74036;55654,56049;5354,887028;6817,544536;-5542,306819;42580,92358;1663,444736;2023,355968;32219,53464;17691,38647;13977,70282;14577,49558;7471,43358;10858,11789;5803,086279;706,2765557;30802,38001;27445,93908;324,4219028;357,1;554,6900312;3843,07495;258,47;622,0016282;432,5766596;8061,802527;37441,574;4255,703638;0;44598,43361;5604;147372,4303;0;60293,91022;237136;26313,84745;261;14395,879;-6505,843558;9161,9;3706,202093;1888,45621;10042,8;2064;2449,446199;0;1841,833814;3307,989362;0,031593887;16,384;34,67;-278,4139999;553,5829716;256,118896;469,5060146;267,805;30,6439664;38;0,777727913;108,2877094;15,3756097;545,2569999;50,6748047;294,5127636;105,3043229;0,03;0;145,5859532;96;644,2624999;403,0389913;-37,7148599;486,3900373;121,0358042;24,3;35,56;112,6006603;386,575747;311,4501111;615,7899999;40;53,20048194;33,59406376;102,8544422;318,8643883;82,2081758;636,0099999;125;17,32678001;107,851;83,39230048;154,6016381;50,54409149;4897,81;0,06;220,3197613;58,76802469;77,33557727;72715;41810,64725;-235,7909335;1735,689745;245,4599999;7424;434,0295376;483,209;4914,221;187,4;6060,226052;724,245;2928,791;37480,37988;8917,470352;8,4779999;2400;238;792,48;72,16203922;20327,76392;2317,5385;95,229413;-6,6479799;4273;480;466,5319919;-583,985;2914,893617;1171,1795;383;3544,005642;121,3056903;3131,673755;1597;3500;18293,17333;18,588;659;20185;12805,99047;1120,98;6278,168;182,023;189,71;730,8999999;173,8;5537,347786;280,8633459;18822,208;7426,274991;6751;271,4288525;0;102,4;161,4294505;3466,531061;-163,4;1493,492445;-508;108,8285;1702,496736;241,0999999;591,6;669,1;21232,42249;286,7999999;2547,3;143,1829889;358,8201637;221,3477602;1492,101524;342,2674982;12029,088;24820,937;0;25,90752589;1084,6;89,78714811;0;160,5999999;882,2;0;3,990515185;-21,95530721;110,4156303;233,9347333;109,1123444;0;882,7;0;0;581,7996973;30,64950101;0,568434302;1,8999999;0;749,0879505;33,2832556;-6,870086661;21,85338882;44,29486455;17,17772025;-0,011;71,32075813
2007;1906638,144;963967,3627;668322,2936;25484,26717;93430,67292;0;12388,85878;4669,380269;23237,58928;10443,81754;6638,497529;2311,211855;12451,03594;63499,56613;80212,48142;2111,305462;3950,835121;24707,17373;43849,3481;2323,996288;2289,437451;-29679,42581;39620,09614;114161,1852;19836,21948;3020,354318;9732,809856;4017,245202;757,2915726;64264,41411;28592,62854;658,506675;1807,3;1819,244227;6824,791195;541,2599999;934,4422272;692,5101678;2168,153444;54921,85;4405,906892;0;33538,24238;9891;176838,6384;0;116820,594;215952;41479,5786;610,6;8798,282;22548,85099;8826,9;3589,38178;1743,630929;11578,1;3850;2804,501284;0;1504,379838;1616,251483;0,500244946;191,017;56,75;-321,6549999;1467,628691;1808,032721;1242,731087;710,7189823;82,2831658;36;7,681788844;195,3511403;7,206504;222,001;897,3969902;740,5260742;339,0528746;0;0;181,628;141;792,3057809;581,5118069;-893,342152;494,681631;37,49985805;75,5999999;124,35;398,655636;732,9598488;6538,06193;1323,9;68,9;255,2439454;343,5350233;210,9789586;426,7767236;76,4614809;855,3999999;385,8999999;18,58045724;131,5999999;72,7944966;139,3728223;129,0387195;6086,73;0,39;297,4271127;96,57770527;49,16257535;83520,89;58403,47014;22,053453;2304,547745;372,7599999;7769;260,167097;867,2889999;6928,471;323,5;8594,734071;2,194;2823,719;42608,91779;8626,050219;8,695;6981;188,69;666,36;40,19639975;25349,89177;2017,79175;132,4320807;5,8902356;5590;603,3999999;667,6715621;-4748,88;912,2340426;1764,7208;971,8;2622,143864;111,5356735;3375,980758;3332;4700;24334,78319;28,2959999;1241,959115;22047;14186,52144;917,2989999;11119,037;207,9199999;398,3999999;856;705,2;6473,157762;366,2942415;34584,901;12571,55989;8886;193,8725269;0;152,4;452,8372693;5490,961307;-246,7;1329,464293;3288;143,1405;2088,469427;1550,6;745,2;927,5;32393,19726;381,6999999;1898,6;120,132137;338,2047333;-469,7375912;1622,819861;476,404577;37163,179;28210,535;105,698324;40,48677478;1667,4;156,5547966;0;74,5;866,5;0;6,845127;0;134,4844381;271,891074;119,4069;71,63128492;830;0;0;459,6716099;58,24932598;1,153047102;7,011;0;417,4534647;4,3832391;95,772843;6,905538549;86,02600626;23,99882284;-0,011;56,92223589
2008;1488307,553;436553,7605;220598,3211;7226,097231;-13857,25272;0;9855,106749;5400,062987;12246,51962;6451,002923;-742,2692242;1829,684211;-1143,999707;37593,42586;8127,028234;4498,626726;6410,020231;-16452,92416;-10835,31695;1264,144725;1793,957593;7117,112828;12688,79599;-6776,430952;12283,03901;2104,463213;13491,53628;4868,023584;1218,409932;76992,51327;36946,94361;974,3333211;2187,9;1001,647693;919,6922269;711,46;960,4233347;585,7687641;8958,687943;75855,697;3971,856301;0;16214,86619;10913;92158,33343;0;61552,51912;306366;46905,66861;78,17;10274,699;24425,12215;11187,5;3122,869413;2632,047803;9494,6;3180;2487,094098;0;1653,120315;2758,615092;3,833211042;-24,1980188;117,11;466,1309999;2031,879948;1726,843379;-793,8723328;760,1630301;102,2899999;79,0999999;4,631825734;228,9487455;39;108,538;642,7404382;1392,70123;382,9148625;0;0;182,103;87;728,8609007;1383,25;1678,97101;520,9177751;105,7228835;11;195,42;591,5992294;720,2665333;9209,172495;938,62;51,6;169,8350845;105,7714854;309,5749831;446,1473186;70,1023774;1220,42;381,88;5,142863523;283,8009999;180,2815958;342,770662;340,4271949;8248,64;0;397,6328982;57,62382149;23,88316343;108312,44;58315,38636;170,9652776;2590,737534;844,6979999;5432;322,5865634;876,8844922;9318,454;227,6999999;7171,978488;603,4249999;1544,028;11810,14376;8568,223056;39,698;9578,997494;46,03374;1086,31;4,434138023;47102,41725;1979,98801;181,2554317;1,0105831;5438;752,2;943,7330595;14,09;2638,297872;1575,243;1855,7;2826,255131;-5,951760977;4002,061782;2952;3778,626374;39455,86393;51,508;1465,623386;19851;5062,972005;1554,62;14321,757;376,992;814,75;1277;711,2999999;9725,55313;512,5730171;45058,156;15518,19228;10564;1057,36802;0;178;308,6400541;6923,651285;-231,4;2105,688028;2627;169,6685;2319,941177;903,1;737,61109;1006,4;29502,19441;627,2999999;2146,7;100,84921;158,7837744;19,55307263;1512,311268;615,1228846;52554,448;19555,735;146,5363128;56,54826293;2870;134,8325833;0;29,8;1436,6;0;12,68210741;0;177,9060267;161,2107063;159,24336;85,87709497;2800,8;0;0;682,056334;13,88403386;-1,267677448;5,738;0;1746,368557;4,7416567;-30,36935806;49,46126777;74,95237431;46,33347748;1,6879999;44,01286834
2009;1173741,495;476203,1286;296012,4696;9268,299689;64440,44048;0;3385,353473;2948,109302;1,38919E-05;2926,814824;1045,291529;1839,440825;717,6106457;30733,48911;23805,5965;2436,364596;2172,128787;25715,32959;20076,60004;-22,22706896;-448,0977102;27255,15425;2906,948043;38751,92229;10039,32449;1281,744297;4665,448621;-6,07910336;-475,8343139;10406,59838;10146,69799;995,929668;1876,5;249,9485044;78,77028098;274,14;1527,259416;201,3962378;19479,09858;27752,258;2896,05718;0;29934,89716;4816;89709,13776;0;22699,67632;143604;31893,08917;-70,384;4607,028;11938,34141;9021,9;700,8645245;2754,118888;6711,6;3310;1951,70719;0;1726,298403;1687,810586;0,348404299;668,3289999;42,28;374,8999999;1272,939054;663,8028875;1636,219625;663,9985238;118,67;15,5;13,78410798;74,7227396;91;221,46;1855,194702;1269,409215;247,8426023;0;0;171,402;108;841,5708027;952,61;2205,29818;208,6993468;65,6976257;91,2999999;49,13;898,2848824;841,1825304;7502,062271;694,7999999;105;134,2860652;100,8966805;164,8307729;377,128928;39,4420967;2897,1;0;17,45286815;217,8034591;748,3470497;-3,072044396;790,7625385;8649,526667;0;320,0327837;110,8455097;48,53172267;94060,72;55535,20173;86,3480977;852,0492768;623,609;2805;370,0818798;984,7130669;4877,87;189,5;1453,039296;27,1499999;1990,338;18531,87671;6409,212645;49,9309999;7600;197,5127275;700,1599999;12,77262375;35633,93949;2983,42191;157,9635867;38,5454292;2338;404;760,0407459;473,305;257,1808511;666,7746;1598,3;2413,098592;1113,589659;4378,90762;1485;8124,736264;36457,66667;300,468;2569,548272;8585;1134,288135;129,1939999;13242,5;189,377;131,3299999;4553;842;4017,158925;423,0290749;25948,58;14166,41847;8035;308,6108901;0;164;92,7149437;6430,652961;-93,4;1528,59124;-983;108,84;1443,569702;365,8;522,32412;508,8;17849,71675;433,8999999;1259,3;43,591651;80,64665256;-10,7014114;645,7025135;255,2919111;42212,878;20298,045;55,25139665;57,23550037;2165,4;102,5563629;0;55,4699999;540,8999999;0;2,561496296;0;130,7508393;146,3975911;110,2216663;39,65921782;709,1;0;0;311,4981259;21,84374157;5;44,89;0;1182,295685;2,790871;423,2089839;9,605270655;48,57331558;20,05416586;1,7509999;31,71227551
2010;1393014,212;481750,5672;334957,8048;2575,463407;57583,32285;0;1549,128873;1171,938031;33429,64545;6140,583193;-8977,400393;1508,542146;7358,832917;13890,09397;65642,98817;329,9141109;2352,823553;42804,07128;9178,260898;419,8425259;1019,541882;39128,52876;5409,466323;-7184,472449;12796,27013;1988,485805;2997,172354;1769,760743;105,3698785;39872,50959;97,12078496;1050,708236;1393,4;406,0890881;245,1366961;292,96;760,4407684;212,5275196;14018,13649;31667,969;1686,103748;0;29875,9404;6495;58200,28153;0;28400,44265;198049;36795,51625;230,73;6984,909;-1251,810494;9497,4;-61,62138007;2301,225922;6385,6;1909;1573,856265;0;2063,730998;1512,50524;0,780580947;-0,551;61,52;313;928,4360065;2939,27;2734;521,6656309;250,5048029;50,6;8,342262113;36,50103252;91;288,2719999;1882,068164;764,685758;429,9417887;0;0;210,805;112;543,8727273;1813,25;-3227,211182;218,3799983;119,6385302;51;97,01;2531,661755;283,7998944;3635,596253;1729,3;166;176,8040914;34,61901118;240,3228601;338,9416428;37,1150221;2527,36;0;33,22383232;449,9588262;405,9021517;130,5283913;940,3162271;6098,96;0;266,1076529;238,4372903;85,82671919;114734,24;70540,73987;13,5852203;2831,339303;1691,422;2492;480,722547;1404,315449;13770,58;278,8;9060,042098;6669,403;1070,38694;57460,08463;14657,48464;28,5159999;8000;54,200551;913,32;26,24735296;27417,07664;3648,97241;216,4689456;86,6256087;2022;477,6;529,3213916;563;155,8510638;865,6377;1396,2;1688,591549;1304,625641;3708,379679;1243,172952;4670,32967;29232,70667;206,2829998;1469,196863;9085;8796,769641;188,6279999;11550,716;437,586;157,37573;3632,3;1662,748216;11332,71863;642,9479894;77686,848;15033,19418;6430;165,8663204;0;198;627,5079721;8454,627588;-247,7;2289,105601;1574;97,2205;1683,545245;-230,3;658,31247;969,2;27189,28039;489,9;2723,3;11,40515059;96,67920774;236,8715084;1097,18766;446,3386889;42386,82491;20965,96264;34,25597983;42,8602237;2023,7;60,42086111;0;178;227,6743999;0;3,550085148;0;116,26848;121,2969726;97,21810889;41,73304564;549,3999999;0;0;176,3531442;64,30373259;-6,602;-9,3569999;0;1439,084998;2,6852441;28,86782947;0,408418737;165,9208878;24,71156722;0,455;59,82213655
2011;1613465,197;582467,0842;445040,9641;10615,64954;83366,34902;0;2052,282187;1594,282487;36622,58058;2317,553784;11939,23047;1004,599469;2549,850908;31641,9056;67513,66432;1143,135527;6536,940942;23544,70324;34323,80396;1467,981734;1798,972691;8843,156717;21875,92885;24155,80624;15925,13965;5957,150475;2362,92234;3491,285944;1087,41581;28379,20637;12929,46528;876,2683236;4002,4;496,5250828;1107,490902;359,67;558,0526998;478,7697715;11390,26623;36867,773;4932,251615;0;26414,90267;7207;42200,40023;0;39669,29788;229862;58931,59409;-257,87;8653,401;-1758,334482;9773;4238,000964;2580,626408;-483;0;2568,434351;0;1734,376994;1147,906633;3,355008049;355,3999999;36,9084558;281,8999999;186,3050103;1686,9;1975;874,8731635;119,1053858;32,2;23,0881605;79,0002307;39;626,5099999;2233,93854;788,0782373;433,3310109;0;0;207,363;102;894,293858;1229,38;-3023,770966;293,2077746;108,3897047;150;812,686;3558,543611;817,0654447;4242,86578;1108,5;387;161,091348;143,6573095;266,7484519;301,5767188;36,0999999;3237,39;956,06;25,02405344;785,2999999;556,1472961;588,7495642;1065,789864;8914,89;0;338,2189011;950,4782533;711,0874697;123985;96580,80678;103,1249866;725,5983567;4571,163;-1957;691,1702744;1538,883425;19241,25;300,75;12197,57647;1117,686;2007,150725;39890,36238;2474,001122;47,075;7519;57,620844;1136,38;33,48539107;36190,45603;4276,71869;423,530664;95,486355;1162;955,912;653,2197565;1465;97,52659574;1133,971;1882,3;1485,915493;3259,066896;3137,050288;1752,925878;938,5164835;16308,28;349,31;804,1626353;16143;7152,095826;-518,4203;13973,069;693,528;200,37916;3391,067;1615,05215;10839,93094;858,9410703;97421,786;22633,6122;14647;646,0773587;0;246,8;674,2378511;7682,261109;69,7913232;2504,112903;5740;95,3485252;2461,4832;218,5;1219,22906;1014,4;25632,373;936,3;3152,7;38,91734444;65,1605963;489,4972067;1408,799445;455,8311553;50788,16114;31131,85511;50,85263207;34,56334296;2276,7;42,6481837;0;119;218,1999999;0;2,463851481;0;109,632707;96,41642778;85,62386033;-45,68214732;41,0474545;0;0;216,7645369;130,5572727;-0,349;-4,381;0;1715,025227;8,326127;-309,198345;14,87285488;120,1695793;43,78379942;-0,119;70,46381883
2012;1469073,074;463673,7924;319199,1457;3988,877646;11670,39705;0;1697,191912;1312,133421;63501,89679;7984,108594;776,2587009;1564,940228;4153,957245;16062,05367;28181,12436;1739,702477;14606,38452;48883,84081;92,51002834;1111,405202;802,087643;2824,125588;14183,92805;25013,04134;12423,52313;8152,564887;3198,547078;2981,688154;339,3306384;25696,45275;16257,07378;855,440232;1429,3;394,8732435;1025,126844;241,44;619,7529468;142,9041866;14655,09239;30187,664;1298,570302;0;29482,97401;8401;55446,12011;0;43111,00614;199034;59574,38437;47,61;9017,54;1731,531949;9495,9;3504,001523;1499,446845;6031;1425;2728,361094;161;2311;1603,185884;0,6049196;739,177;70,0351573;579,7930374;-282,835188;3312,142743;985,2564115;-220,8736658;254,9632443;22,471527;10,41204973;109,9982557;41,3579999;278,5629999;2175,051812;777,6365964;589,0183028;0;0;261,36;107,33;1205,388488;1799,6;-1464,627991;146,4954948;31,53813834;138,79;-8,886;5629,409703;1060,806972;4558,847353;1731,5;400;281,564834;329,3008989;137,7493299;330,275245;41,2;3293,43;0,29;6,624918956;984,6;397,8664596;1388,587418;841,2757797;7127,38;0;276,1754031;722,4468467;121,5185485;121073,14;70179,79944;205,2128874;3893,810405;4272,473;3207;864,9055275;2003,849;19137,87;617,7553945;9238,830614;496,877;3215,415155;60102,98636;12897,16828;38,5309999;8368;40,863937;1292,56;53,8107984;24195,76692;4661,7344;227,9768667;91,9777409;859;941,1165912;496,6367011;2004,6;1544,680851;1048,227;3400,4;1548,309859;2872,584429;3111,315;1365,409623;395,8791208;12182,37333;58,405;0;13745;9566,651351;-531;13336,999;292;254,7928399;3129,614737;744,2445522;15323,93392;1059,965391;82059,83;26708,10711;15040;567,4103009;0;293,66;769,2626575;13622,4851;173,7233341;2216,015647;5973;189,2014088;2258,090032;466,84142;1270,14513;1058,5;21769,31825;775,7;3210,5;43,54384444;133,0708426;-316,4245809;1033,507246;526,876534;61121,51045;21489,60474;54,68990838;58,52277037;3142,4;31,48986296;0;156;413,3334481;0;2,610004407;0;108,3753333;73,55837922;115,1113433;19,60516933;-1904,347649;0;0;277,7265642;155,3542045;-2,386;21,3739999;0;2831,450114;21,6391263;25,00419936;20,88920129;23,89765063;31,1135149;1,325;37,68452301
2013;1468366,963;443059,5896;322747,3939;5721,210459;23898,0012;0;1837,742946;909,8328176;22260,81188;3639,12943;907,6199498;771,0632778;-106,0003984;34279,83266;12776,7873;2818,248224;3584,740723;50610,26629;24279,30141;901,7863072;573,8893685;23299,02384;12007,75563;51119,46344;3625,459562;8219,777439;3602,364035;-604,2477655;-151,2226653;28100,13945;3864,617123;1265,90079;2229,6;276,3619701;396,816639;233,21;447,4745998;334,9555256;1975,659574;53397,139;2053,097389;0;1154,920703;4499;51675,89032;0;69368,24121;201393;56765,52363;54,9;11842,324;2303,718219;12766,6;1862,464635;1696,86675;4256;702;3298,102433;-793;1687,884179;1116,541307;7,407171159;567,239;1,8527926;520,2007513;609,4404818;2098,249103;582,9487019;771,1925535;257,6;11,1053448;4,231644417;286,0044677;43,859;1343,876;1978,360935;551,3164112;293,3691571;0;0;170,254;258;1096;2087,3;-7120,017424;67,13663298;84,67257792;123,6199999;445,5207416;6175,124643;769,8646434;8300,10378;2099,8;400;360,3433831;490,4034144;72,0880824;407,5905343;25,5;3226,33;-131,9;19,64528744;1061,27;307,9409132;1125,683738;719,3384761;5608,462733;0;311,3667712;429,6644863;183,5992504;123911,2;74294,22383;119,7426439;4586,282084;2059,702;3598;775,6419991;2068,471;18816,66;681,3972571;12115,46728;584,298;3737,37174;56671,62151;15945,52415;49,615;8900;48,311346;1599,16;17,99592179;28199,42198;3049,945;360,8163362;71,3212672;1333;932,5513176;346,0923944;2632;3728,723404;1039,17416;-2335,3;1946,760563;1433,627621;2661,087128;1612,483745;-840,3849999;8864,693333;175,7119999;0;13461;9764,914527;-133,5999999;10321;626,0937;326,841;2861,420712;691,576226;9821,661858;1749,557976;59089,345;26302,62895;16210,41902;727,0642063;0;214,02;500,0737721;9826,002544;187,6038596;4250,830992;2680;95,15672405;2741,091777;179,20832;1479,31272;1059,7;48354,41818;965,1;3567,2;56,47081907;94,6625263;227,3184357;1590,44273;117,802151;104804,7644;34907,99432;-15,01993162;23,34833667;1990,5;113,0915092;0;161,9199999;544,7475618;0;3,732109963;0;136,1827037;92,0414407;159,5689222;38,29507883;-1129,966026;0;0;243,0772406;99,20716117;0,838;32,5679999;0;2071,95076;18,0411098;18,22224004;13,95942105;53,36161728;51,36127095;0,337;1,068302615
2014;1411830,04;369201,3223;292831,3617;4583,147657;-3505,905172;0;461,5750298;2891,207684;46454,08988;5492,003461;4682,30779;553,2902196;18571,06798;2672,876209;-471,2127855;2686,834876;7967,549949;48247,04741;23253,88296;896,7358814;-133,3944442;20060,31379;11204,96858;45033,94311;14268,73649;4565,66657;3215,681586;-512,8211151;1051,238646;23308,49043;5332,039022;1111,434379;1827,6;550,199095;447,1128208;341,69;497,6552017;272,533595;5530,121381;29151,662;1998,795071;0;9340,071712;410;24690,24073;0;59005,2048;201733;58506,70657;-3,425;6049,105;12029,78823;9273,6;2436,797657;1506,733438;4612;0;3561,002767;44;1251,280889;1063,804722;47,06101053;726,548;3,4750079;-675,5459154;1659,450225;1843,173236;167,8751826;1047,702947;458,8999999;41,3859821;4,684558642;152,9983852;46,511;1855,05;1513,900102;313,6822674;455,5621518;0;0;229,97;261;1058,56454;1416,1;3657,514667;515,1840884;25,53729587;160,7799998;598,7377818;4901,790089;441,1737665;5770,658991;1488,7;545;405,7373285;356,4038229;183,5600723;439,356961;35,5999999;3356,99;-73,7586037;28,8911559;276,6999999;144,2148312;501,0379057;822,9670231;4693,828632;0;403,0980563;375,0896951;54,01941071;128501,56;113037,7814;64,0974251;3456,185138;337,7679999;2828;567,8897272;1853,471;21810,52;867,6461217;10877,3452;946,2229999;5739,574024;73286,61063;4975,455214;49,344;9200;42,9752625;1551,28;23,4347091;34582,09681;2105,494;333,375218;30,1883465;1887;893,6289803;406,5784067;4430,4;1518,617021;1836,97998;-10176,4;2178,450704;953,4647855;2862,509427;1287,386216;1040,385;8011,786667;159,6999998;0;12969;11071,53702;-233,1049999;8489,396314;248;451,29129;3830,131;808,6759966;5065,335542;656,566;63845,886;25566,07495;16168,70171;776,6489461;0;255,23;663,8619731;4536,702254;164,0984156;2235,822622;-1028;152,7437804;2926,64577;306,33942;1442,35365;1417,4;30351,09846;1076,8;4458,7;75,36821174;46,26310104;208,3240223;3550,967341;592,4383514;40462,00721;46040,60977;150,1024936;12,34989281;2208,5;83,73682437;0;99;582,1487416;0;5,047356259;0;156,6585941;65,4074443;124,4226778;53,14765318;661,4135054;0;0;379,5798341;61,92877633;2,632;-8,0289999;20,2092999;1658,447587;39,8601154;-30,40111482;22,8564572;21,69152017;56,04379538;0,3;13,33653784
2015;2056416,378;751134,5161;630323,0352;1488,357813;28331,29923;0;2217,350622;74,06384112;23945,6161;465,1049342;3616,130418;110,9612049;2109,175635;45364,68731;20339,54177;1268,160975;-14537,42524;217866,4152;19635,12371;738,9326528;1055,053811;45432,15356;5069,237768;175988,0641;15270,83168;9181,736991;3840,47487;106,1399146;1675,07736;14435,81493;5234,954071;945,7228448;1667,9;361,1401255;708,530383;237,3;699,365361;240,451753;-2514,951942;11857,81;2347,559775;0;65063,28284;-331;39185,7001;0;43835,96994;467625;29580,2688;-143,094;11336,502;2975,527938;4104,1;-308,9303895;-584,5391991;6925,2;0;3254,799347;0,15;1728,373403;1002,737519;7,360447724;627,442;3;559,6420225;3803,300133;1673,5001;233,3250728;990,7861789;379,8;15,4996151;4,936699549;123,9984245;49,323;2626,52;1463,737592;435,8242269;216,4551883;0;0;194,545;303;737,6521402;1560,8;10028,21516;378,5538701;41,32133838;206,5144598;408,465487;3866,831987;887,995532;1729,376993;1304,866667;421;149,7556121;231,9017029;120,3906157;494,4087541;12,5;2970,89;53,2724584;18,58302195;626,96;275,5255351;502,0739412;529,478696;3064,168905;0;409,1661244;252,4359045;257,8602555;135576,6;174352,8881;78,207032;1010,524787;94,3199999;2391;173,2433396;1822,804;16641,45;1077,759915;10082,34106;3141,38;5639,155962;59700,10838;8927,67569;42,9949999;11800;169,146608;2235,39;6,494769893;44064,10172;2050;297,9759934;51,5580293;1673;679,6556442;184,1279863;4047,7;64,89361676;1728,75813;-7574,2;1600,28169;310,5515204;2159,289952;-2171,651495;1070,879;8141,026667;102,9;0;18976;8550,901847;-15,445;4056,61306;1141,8836;571,67804;3042,968;1041,199291;11758,99401;554,644;49961,36699;19764,0998;11620,53265;1331,303337;0;121,7099999;443,700093;8206,476795;266,741456;1085,404479;769;64,6148159;2751,878481;396,61577;1230,89472;1203,5;35943,75339;967;4555,8;102,2383474;114,02466;-26,87150838;712,5639043;417,9065689;66712,74157;80501,52546;146,4349327;7,160376667;2204,9;154,2688352;0;105,68;924,9778637;0;4,710287407;0;128,2766048;152,2401759;123,8792081;35,54420101;176,8297449;-69,888;5,4112872;205,28027;26,00716566;-0,82;-5,3936384;0;1081,187399;34,5831581;27,97634743;26,81366051;31,59715507;12,34708609;0,3;30,99574022
2016;2003453,68;753215,6372;363172,975;-8508,306429;68245,11301;0;1040,26088;266,2255761;10928,26285;9814,76887;235,3039045;1033,28664;8581,833477;23077,21768;22679,64734;2765,153451;-5438,548392;39413,5618;28468,51741;254,5881207;302,6056541;17580,97009;4248,432623;60488,89638;15690,14756;5688,547502;5000,387417;805,9007804;1245,941686;29653,98154;19610,27752;1100,671891;1237,8;349,7591302;-427,2365816;83,23;226,4096434;374,6046213;-3899,880952;37175,76691;2352,016562;0;88472,38118;4055;258698,6755;0;36055,87423;459419;48401,36484;82;11988,255;19358,83601;12104,3;2978,705631;1636,299236;8106,8;0;2157,149441;-7,8499999;1063,767535;884,9969507;0,055456619;663,7889999;7,256090484;244,682121;1611,618196;1204,708617;53,9988129;1243,66016;342,3;30,6077707;3,56982374;159,9988746;52,305;4142,937496;1138,612882;450,6262707;378,7644323;0;0;155,24;330;625,7043619;864,04;-179,5176189;142,5225765;21,38486769;80,3322949;115,7;3093,4;355,5902318;2235,001472;662,9068877;372;131,790684;390,6221139;125,9806521;577,8715193;-27,7;3470,67;1618,44726;23,99859117;453,18;356,4765889;271,1978405;301,3324781;3453,258408;0;472,4097959;139;-46,30833572;133711,42;117386,969;89,3172717;1942,074231;-4156,405;9692;-149,6412929;2475,916;3921,23;935,2961728;11335,92773;2929,606;8279,548275;67502,081;3486,275654;5,479;12600;93,5913153;2332,72;-7,424062929;44480,57175;3372;456,6390573;106,1335713;2576;897,0493759;333,8239455;4500;243,3510638;1653,99338;-6255,9;1552,957746;418,7464119;2568,485071;2265,279584;773,9009998;7452,533333;296,6999999;0;13651;9604,773;-561;8514,316337;616;345,4070572;2243,16;1662,586807;3260,164342;335,3655304;53700,38366;10522,71621;13857,93772;764,1908681;0;57,99908;641,248989;6458,521858;299,9871397;-1821,102543;1068;43,987411;2203,948381;347,4248;1174,37206;1139,4;31187,83539;989,1;4745,4;114,8379015;97,4319763;27,54189939;1259,53092;269,3349267;49022,94594;58815,59079;133,0464049;42,26492593;2406,7;109,4162037;0;104,9;927,976719;0;3,74896037;0;121,4152456;161,6130656;70,52476815;54,70996212;-23,5981824;16,59;10,4632391;389,8410273;61,57578899;1,8069999;-3,0558474;0;541,4689906;63,719;-39,76492086;2,549966588;38,60752745;8,8461226;0,3;48,81309057
2017;1644871,857;518733,4732;263467,7098;14953,06209;-3064,80948;0;1813,850191;529,8888512;9437,62351;9521,682018;5436,55884;1277,27933;2863,727251;24832,52562;48389,88602;3484,812643;3514,894612;52834,92053;24047,08261;745,5857932;1020,786028;-27369,77666;3407,289796;20589,31459;9172,340071;6928,277617;5419,471086;4016,770767;897,7449994;23502,89762;15264,02351;1148,891224;1278,5;491,8880169;-41,39851929;151,59;558,5657639;205,2980118;-5849,000262;25953,53583;2878,291575;0;128120,2601;3727;96353,8315;0;22766,84593;308956;46114,2279;-288,109271;16892,825;9355,587239;17912,9;2722,731827;1232,341924;7408,7;0;2686,029715;1,4199999;1065,298481;880,7877905;0,316483095;814,0019999;6,888751401;363,3816364;4416,953734;1340,204101;304,8272495;1314,02933;356,4365006;29,1844523;3,919473045;165,0011254;55,468;4017,1;1403,567589;357,8622064;479,9958903;0;0;186,5840773;369;802,704141;937,7;-7397,295409;260,5750454;-56,01018283;42,0574363;90,2;2293,1;279,9460362;2008,360978;1107,519805;349;200,9027192;2,57269032;111,1092921;975,0149981;18,4448359;3239,09;577,59;15,69119794;247,84;563,2084704;587,2437659;338,7107099;2412,974916;0;588,2929975;414;88,56006582;136315,13;110684,5026;-12,8324219;1509,34463;1494,35;3401;460,0837141;2785,730847;20579,23;1686,275786;9398,81454;4408,891;10256,4424;85368,7008;8285,16982;6,716;14100;51,5338968;2151,56;-6,589037856;39903,8404;5019;457,8083136;197,7759642;2496;1372,723043;252,7479907;2867;1426,06383;1990,52644;-5032,4;2029,71831;348,1221688;2522,409653;2988,296489;985,989011;1418,843614;188,3445258;0;11113;10354,223;-269,85;4714,080831;-107;307,0296807;2085,944135;1797,341436;11516,86146;712,4741377;66584,92744;6694,604026;13700,88045;629,5824123;0;212,15138;339,5733046;6530,19282;98,2030207;-590,4510273;-68;24,4946865;2778,314023;889,07292;1130,01766;1175,8;34012,41041;1035,4;4281,839373;97,16747778;151,2716281;87,86227911;901,4482022;206,1573627;39609,97133;15173,39523;172,678986;22,67720778;3570,7;153,2783696;0;374,86;888,8352285;0;3,43928963;0;48,0261163;89,94145222;165,3931344;64,24829704;-470,8825777;22,068;1,9186428;386,185942;90,03865077;0,785;5,8354974;0;488,6632104;44,503;-180,1767097;9,078017053;42,83990013;13,78078573;0,3;39,72330764
2018;1375436,898;323682,5766;309972,8735;5389,769142;27137,17506;0;1142,612472;1199,036388;-413,4801655;11010,36396;-2497,221131;1426,319134;-2171,777055;41832,98456;72022,40272;3973,265176;6460,331074;-12017,40256;37681,92619;963,6596392;976,6383395;-83336,48255;4023,616747;99381,3302;15996,26992;7181,38266;6218,911348;1675,084894;1384,172995;58062,85517;5269,129152;1289,689054;1421;581,3830514;-381,4675241;296,99;489,8148207;725,2026713;225,7608362;13227,64206;4090,505675;0;-101147,6685;4732;87837,47725;0;37661,92475;203234;67568,13298;95,4163715;21514,605;9962,720845;12182,6;2297,859621;1474,589069;8141,3;0;3558,878862;60,14;1135,787164;1035,941738;0;761,5495497;18,00353546;460,8905076;4315,250918;1616,794884;396,07778;1379,070816;381,9115985;23,203612;5,672348126;170,0033761;61,015;3310,3;1139,438224;352,5516226;460,5113682;0;0;-66,125331;408;1055,353353;971,576866;-6456,076413;285,9550619;36,47444928;40,5583893;77,012306;2703,031294;208,556758;5449,554014;408,4384917;745,0079428;194,0736833;268,4149081;103,1895886;620,3306458;51,94;2908,16;352,76;20,56381823;129,13;467,2953914;772,8904772;466,0422733;775,2474;0;847,8415754;250;-183,3875768;138305,89;104245,7103;1,9535285;2613,438427;2173,741;7114;517,3031146;3212,633447;20563,47;1358,019506;7618,337699;2891,919;9948,598824;73561,02494;13751,76206;47,926;15500;119,4351057;3613,3;6,066303602;42156,19337;2373;575,6580282;67,0556752;1737;1614,044009;266,8550488;1403;1654,255319;1351,5297;-4885,1;954,9295775;204,0169958;2658,003845;6455,136541;-2186,263736;4247,119093;251,6283945;0;12511;10385,286;-282,0983333;3897,758635;144;359,6176023;1606,640192;624,6865355;11716,58357;302,3687813;59802,40649;13030,51936;11298,69277;1389,198763;0;1231,06;164,3012466;6761,185789;119,19076;-11,1216036;886;118,275547;2487,180401;826,01;980,65193;961,3;34097,22721;837,6;4750,503477;211,9930833;204,6085267;110,1756501;947,4300315;241,5964999;34389,70912;20680,81178;0;78,28317185;2535,3;185,9906963;0;105;774,6206031;0;3,318871481;0;40,05176704;45,52220074;40,00816741;-47,91508346;-700,1857012;42,2269999;11,5587222;470,9731817;5,93784137;-1,1443647;9,7520513;0;345,2953721;50,605;305,6634643;16,72212389;24,83821136;15,0474744;0,298862;37,47106613
2019;1707830,126;634326,5999;600078,5562;4905,479708;11860,83584;0;1835,270194;401,4847691;52329,65289;10108,40697;27029,3774;3082,948026;13456,08748;13100,09448;52683,6644;5019,206771;4256,176107;149433,0979;18145,56755;924,6862112;3021,641687;163717,5968;3778,105345;-1140,264778;13510,16767;12251,47754;5791,043306;2510,637702;1462,913915;17842,36899;8760,831304;1287,966989;1293,1;457,5139829;-224,9060072;508,62;416,4472571;446,4021523;16714,77273;32075,62193;4269,812522;0;-83217,61639;6017;53918,27123;0;50543,67938;229929;38886,15071;4,9853965;17362,681;13755,37321;9634,3;4273,07914;1381,81231;9010;0;1719,961452;-231,84;825,3549923;844,7969335;1,044957415;1026,915328;25,60115729;566,638948;3366,085012;1488,05357;452,2871121;1553,136875;353,8444861;24,1917995;3,677361424;175;-60,67191;2548,745692;1098,375947;474,3114254;444,0777609;0;0;30,3973594;447;1273,609177;1217,235252;-4098,478748;93,60712713;130,2214964;35,3867914;55,2278316;2211,654426;-178,9256711;5124,986962;859,8209279;280;218,2078716;162,969543;123,2313303;935,6845969;71,0833058;3292,07;44,4;71,65868036;86,68;720,6388353;886,9163586;717,1476396;2305,099812;0;1065,46282;342;345,6969668;141224,62;73714,02734;29,8950103;6682,634345;2443,34;8240;374,5732907;3663,033;23883,25;755,5241242;7812,77716;2508,877;8671,36587;97483,50264;5518,718141;-106,2797498;16120;23,4045536;2873,95;3,21717201;50558,331;1508;961,0375657;184,995134;2234;743,4662315;100,2872144;1503,9;1548,138298;1352,18174;-3508,2;729,7183099;350,7254974;1905,36274;4236,671001;-2812,637363;4562,573671;131,8799842;0;9543;17874,6594;-370,9827777;3284,181061;404;364,4803107;1853,632129;2316,48296;6649,187838;-216,6368431;65386,04132;14403,4339;13989,15403;979,0204962;0;1695,29322;331,7178381;6241,055656;-7,7846764;2017,681044;-1278;93,9102417;2812,261288;636,16817;976,14102;498,1;34567,04635;503;3920,984022;148,0220496;128,2509944;-136,1165829;610,9571738;215,3701286;39103,36161;28165,12898;203,2304536;63,03978852;3021;204,0780041;0;75;665,415555;0;1,118358889;0;62,45922593;75,50999778;68,8383763;73,8683381;183,9727653;26,9616666;8,5691089;321,0064095;12,73115275;-0,5582805;4,1772337;0;723,4803568;54,219;335,1767567;-2,151612261;32,80861593;1,742414;0,298862;37,20828885
2020;961983,2132;132537,022;115622,7982;-9351,419463;6805,207503;0;3397,08316;146,3506659;-24450,84177;9411,476213;1685,22529;3419,344552;-1578,515738;11359,14545;56204,07399;3212,506019;7046,719591;76571,71967;-23621,76844;1005,133032;3518,331114;9838,881744;3921,423725;-86507,05665;15195,44113;7683,326288;3432,300864;-2403,543169;219,9992005;17948,10087;21514,15333;1108,159167;1398,4;429,0469999;-927,8202006;150,12;532,2844961;230,0606564;-8228,693096;10409,86811;3468,526201;0;-50251,73025;-36;58237,17949;0;26884,33012;95882;13582,82551;111,935757;23109,378;10702,56677;8764,9;3886,364845;1142,64069;5851,8;0;1419,20787;17,5;716,9397106;652,1218138;8,722119116;675,1869937;1,737359823;557,6925033;4015,531451;1646,921056;410,0169183;1716,511506;274,1226086;31,9548582;3,8758461;158,2320504;-30,34959;2380,977218;716,7562236;358,4671414;224,6680828;0;0;164,5361902;534;873,7697904;943,7652617;-1866,468113;31,80719524;35,88620505;27,9577883;252,1790402;3034,562056;-146,4870553;3062,256423;245,2054914;194;174,019952;-102,2436256;67,89991015;712,9158939;189,9;1333,37;176,35;20,9897216;86,96;536,8518124;954,8425755;360,6535743;2385,277666;0;1845,663881;173;-59,20681995;149342,26;134709,8521;6,3387056;-6980,418978;1719,12;6053;577,4431164;3624,64499;18590,96;967,7060862;3159,514897;1907,154041;6822,13329;72902,6876;-4950,998357;-804,7964807;15800;12,970148;2563,58;0,61009007;64072,23849;1342;440,7117094;126,4925756;2057;434,0756685;58,5827501;507;1021,382979;589,79809;-2859,1;760,2816901;239,6867744;1606,894722;2889,46684;-2434,065934;5399,15704;79,7449923;0;7686;19884,46866;0;3669,642765;-401,5;106,5347928;1436,241797;1728,24783;4722,648813;-1129,487271;28318,45132;10832,5615;7458,62498;1094,685901;0;2085,89437;110,0731275;-416,5735892;0,3488434;753,2187613;-456;76,2028135;1762,655392;293,44233;934,87964;418,6;28195,14663;746,5;149,9502883;76,81244074;77,20953519;137,1834721;896,7839201;262,1;39619,63521;23621,04943;155,7432563;21,53503778;2559,6;136,4899081;0;25;265,1005536;0;2,938222963;0;5,597402222;47,55851667;65,24428037;22,16746006;1055,788454;30,4188888;5,3165523;240,6394305;-15,5476129;2,6240928;3,0450611;0;571,728129;42,429;111,7676029;4,262873903;9,133470361;4,2263883;0,1;24,65765297
2021;1478137,055;50711,35295;152380,9557;13493,64834;11587,30872;0;1892,44811;4427,422418;-35743,76302;9050,643918;4681,480991;-831,9995884;13806,12991;30884,90279;46467,66151;6328,189325;7558,810973;-4929,662422;-8955,711099;3322,318077;2864,573847;25122,59105;4116,283498;-77453,3757;29580,07642;9614,924948;10573,70011;58,70887789;1773,304045;21957,17533;21133,16435;1233,917686;1238,41386;587,3158814;153,0449206;410,05;698,9195784;556,4949793;1749,359721;38638,90745;4589,575183;0;-88169,29986;7320;-71173,82902;0;65658,75281;387780;20898,81192;1,5314229;21486,458;24652,03117;22060,4;3993,492715;869,65657;5122;0;2266,455611;67,5;522,9;660,2332395;9,933539955;963,5315035;5,40998025;705,1007593;531,9813913;1870,032503;459,8483213;1529,221084;399,2944886;13,9485279;4,0247722;167,9767726;-31,22819;4259,445211;463,3489357;357,5366653;253,1892528;0;0;224,7846582;601;1100,217529;1032,913863;-4355,116553;-318,8719496;117,4739161;-12,4278726;129,4970785;5101,667955;697,2702178;40948,11457;-351,646566;250;345,9852356;-79,95735534;104,2537362;1376,558799;248,55;2413,89;197,61;18,52972336;45,68;639,9441654;1063,540078;594,8319631;3313,21;0;2588,124994;212;-136,2214994;180957,2149;140186,0226;18,1168579;4771,075801;2173,39;5416;204,7493272;3483,461606;21131,11;1071,913716;12173,3759;2066,60647;11983,36333;131151,4921;14640,87303;-755,276826;15660;20,6009761;2895,56;1,112871999;44762,67964;1425;642,8307136;195,955631;2147;592,2899699;366,4452148;-1707,7;1779,175532;1241,82174;-2637;621,8309859;567,2268211;605,143327;4020,806242;-1093,406593;19285,64358;353,4770549;0;11840;20667,12049;0;3336,794806;226,2;84,0381815;1287,33469;2275,53943;6782,348887;583,5764247;50651,17028;13193,97581;9381,29061;647,2981509;0;4468,10466;191,5862305;5755,361224;-124,0453495;2241,484491;-996;125,495495;3231,05176;314,47614;3461,7743;738,7;31543,45746;1220,1;1926,951112;114,2341667;244,5806563;143,0475383;1185;238,7350643;39361,49841;25893,08921;145,7004007;33,77893111;3196,8;139,7656204;0;51,299;320,48;0;2,437931852;0;26,4412537;85,65050667;160,3353778;27,9507924;-1008,381652;28,6902777;-2,2084299;407,0252913;-25,62444772;1,031376;0,4994284;0;793,7135508;32,549;-10,71249144;8,98120275;27,80485341;0,2584876;0,199431;42,59381924
2022;1294738,228;-106770,1981;-124948,0087;1946,817909;-1710,150544;0;2504,877055;3674,590796;4913,252608;9853,134066;4493,543949;1205,116859;9444,79078;36413,35939;11053,39587;7603,638982;8571,466165;1490,063436;19946,84212;1507,965258;2157,875117;-322053,7813;4239,683285;-67340,33434;29461,89542;9099,403315;11272,94592;2905,433234;1622,026002;34811,07259;45963,06736;1434,125507;1603,42454;661,3662769;619,5968415;587,3;876,7516924;793,8037623;-3435,555051;-18681,12;4645,922144;0;13311,3012;848;14093,39555;0;52633,19645;285057;61629,47816;-32,8933333;27760,138;32508,80841;17996;7538,757392;88,7685192;11399,9;0;2141,396327;121,5;573,5;713,3651244;12,88368793;888,5446083;24,04772219;614,0185065;532,256251;1845,773309;458,509903;1104,592039;398,5993548;126,6038371;3,8593266;190,8542741;-32,04567;3669,988544;759,4937022;396,244477;252,1042797;0;0;212,0543627;636;1526,189107;1111,461438;-6142,248848;216,0260457;21,20401816;-8,3046498;188,5640343;1975,294842;945,0867064;9051,194089;115,899184;341,5;266,6031895;121,2954998;136,056543;1583,694622;236;1472,6;139,4533333;21,94088489;73,1066667;252,9127313;1147,555313;580,7370275;-186,7924289;0;2586,179934;250;-226,9391495;189132,41;117725,0554;10;4000;2504,29;10189;-292,4163596;3578,831296;21968,17;528,2248497;16939,60113;1238,5;9199,94291;141210,9668;10033,65814;262,459429;17900;0;3479,95;10,7774791;49354,61195;1500;721,8955902;65,1346332;1339;898,2952138;998,0554254;-4474,47;1951,329787;1999,99014;-2088,2;1137,042254;757,7713698;457,878416;3715,648028;76,0989011;7886,341958;232,9411621;0;12881;22736,55548;0;6108,412849;290,9;174,0222405;936,03971;2531,3433;15087,39835;-26,3584197;86050,35897;19786,00498;17047,55184;788,0578035;0;4408,44348;473,5296986;11655,58207;7,2837788;3838,745569;941,3333333;133,5564676;3045,035222;-99,10179;1352,40938;822,6;35291,61836;1293,8;2640,423253;140,9976522;195,8505674;253,3748167;1254,831913;200;38118,55109;24590,01985;140,6797166;28,21516222;4010,4;159,967673;0;39,3032;359,5146667;0;2,374176296;0;15,53601481;66,61169926;86,36626259;13,46194849;-493,1265947;35;3,8924104;103,8881043;-9,4803026;1,0323961;2,5739078;0;696,3073455;58,05;326,7148608;4,853432468;40,80407747;2,8674873;0;-4,0682291
